{
    "$schema": "https://schema.management.azure.com/schemas/2015-01-01/deploymentTemplate.json#",
    "contentVersion": "1.0.0.0",
    "parameters": {
        "virtualMachines_test_ubuntu_cus_vm_name": {
            "defaultValue": "test-ubuntu-cus-vm",
            "type": "String"
        },
        "disks_test_ubuntu_cus_vm_disk1_23bf280a4c6548acb129f61c57aa7014_externalid": {
            "defaultValue": "/subscriptions/899b3dd9-cab9-4211-bbb3-f3c5c578abc5/resourceGroups/LEARN-FD939DB8-BCE2-40E6-BB91-1984159F4608/providers/Microsoft.Compute/disks/test-ubuntu-cus-vm_disk1_23bf280a4c6548acb129f61c57aa7014",
            "type": "String"
        },
        "networkInterfaces_test_ubuntu_cus_vm101_externalid": {
            "defaultValue": "/subscriptions/899b3dd9-cab9-4211-bbb3-f3c5c578abc5/resourceGroups/learn-fd939db8-bce2-40e6-bb91-1984159f4608/providers/Microsoft.Network/networkInterfaces/test-ubuntu-cus-vm101",
            "type": "String"
        }
    },
    "variables": {},
    "resources": [
        {
            "type": "Microsoft.Compute/virtualMachines",
            "apiVersion": "2019-07-01",
            "name": "[parameters('virtualMachines_test_ubuntu_cus_vm_name')]",
            "location": "westus2",
            "properties": {
                "hardwareProfile": {
                    "vmSize": "Standard_D2s_v3"
                },
                "storageProfile": {
                    "imageReference": {
                        "publisher": "Canonical",
                        "offer": "UbuntuServer",
                        "sku": "18.04-LTS",
                        "version": "latest"
                    },
                    "osDisk": {
                        "osType": "Linux",
                        "name": "[concat(parameters('virtualMachines_test_ubuntu_cus_vm_name'), '_disk1_23bf280a4c6548acb129f61c57aa7014')]",
                        "createOption": "FromImage",
                        "caching": "ReadWrite",
                        "managedDisk": {
                            "storageAccountType": "Premium_LRS",
                            "id": "[parameters('disks_test_ubuntu_cus_vm_disk1_23bf280a4c6548acb129f61c57aa7014_externalid')]"
                        },
                        "diskSizeGB": 30
                    },
                    "dataDisks": []
                },
                "osProfile": {
                    "computerName": "[parameters('virtualMachines_test_ubuntu_cus_vm_name')]",
                    "adminUsername": "AzureUser",
                    "linuxConfiguration": {
                        "disablePasswordAuthentication": false,
                        "provisionVMAgent": true
                    },
                    "secrets": [],
                    "allowExtensionOperations": true,
                    "requireGuestProvisionSignal": true
                },
                "networkProfile": {
                    "networkInterfaces": [
                        {
                            "id": "[parameters('networkInterfaces_test_ubuntu_cus_vm101_externalid')]"
                        }
                    ]
                },
                "diagnosticsProfile": {
                    "bootDiagnostics": {
                        "enabled": true,
                        "storageUri": "https://learnfd939db8bce240e6bb9.blob.core.windows.net/"
                    }
                }
            }
        }
    ]
}